circuitId,circuitRef,name,location,country,lat,lng,alt,url
1,jeddah,Jeddah Corniche Circuit,Jeddah,Saudi Arabia,21.6319,39.1044,15,http://en.wikipedia.org/wiki/Jeddah_Street_Circuit
2,miami,Miami International Autodrome,Miami,United States,25.9581,-80.2389,\N,http://en.wikipedia.org/wiki/Miami_International_Autodrome
3,BAK,Baku City Circuit,Baku,Azerbaijan,40.3725,49.8533,-7,http://en.wikipedia.org/wiki/Baku_City_Circuit
4,sochi,Sochi Autodrom,Sochi,Russia,43.4057,39.9578,2,http://en.wikipedia.org/wiki/Sochi_Autodrom
5,miami,Miami International Autodrome,Miami,United States,25.9581,-80.2389,\N,http://en.wikipedia.org/wiki/Miami_International_Autodrome
6,marina_bay,Marina Bay Street Circuit,Marina Bay,Singapore,1.2914,103864,18,http://en.wikipedia.org/wiki/Marina_Bay_Street_Circuit
7,suzuka,Suzuka Circuit,Suzuka,Japan,34.8431,136541,45,http://en.wikipedia.org/wiki/Suzuka_Circuit
