constructorId,constructorRef,name,nationality,url,Latitude,Longitude
1,mclaren,McLaren,British,http://en.wikipedia.org/wiki/McLaren,51.345833 ,-0.548333 
2,williams,Williams,British,http://en.wikipedia.org/wiki/Williams_Grand_Prix_Engineering,51.618052,-1.411848
3,ferrari,Ferrari,Italian,http://en.wikipedia.org/wiki/Scuderia_Ferrari,44.5302 ,10.8615
4,red_bull,Red Bull,Austrian,http://en.wikipedia.org/wiki/Red_Bull_Racing,52.0085,-0.69232
5,alpine,Alpine F1 Team,French,http://en.wikipedia.org/wiki/Alpine_F1_Team,51.92018,-1.39069
6,alphatauri,AlphaTauri,Italian,http://en.wikipedia.org/wiki/Scuderia_AlphaTauri,44.30825,11.86408
7,aston_martin,Aston Martin,British,http://en.wikipedia.org/wiki/Aston_Martin_in_Formula_One,52.07602,-1.02948
8,mercedes,Mercedes,German,http://en.wikipedia.org/wiki/Mercedes-Benz_in_Formula_One,52.02186,-1.14651
9,haas,Haas F1 Team,American,http://en.wikipedia.org/wiki/Haas_F1_Team,35.44059,-80.67612
10,alfa,Alfa Romeo,Swiss,http://en.wikipedia.org/wiki/Alfa_Romeo_in_Formula_One,47.30804,8.81773
